recipient,subject,body
recipient@example.com,Follow-up from Data Inc,"Here is a friendly email to Jane Smith from Data Inc.:

Subject: Request for Product Demo at Data Inc.

Dear Jane,

I hope this email finds you well! My name is [Your Name] and I am reaching out from [Your Company]. I came across Data Inc. while researching innovative companies in the industry, and I was impressed by the work you're doing at Data Inc.

As someone who is passionate about data analysis, I'm excited to learn more about your products and services. I'd love to schedule a demo to explore how our solutions can help Data Inc. streamline its operations and drive business growth.

Would you be available for a 30-minute demo at your convenience? I'd be happy to accommodate your schedule and provide a personalized overview of our product features and benefits.

Please let me know if this is something that interests you, and we can schedule a time that works best for you. I'm looking forward to the opportunity to connect and learn more about Data Inc.'s needs.

Best regards,

[Your Name]
[Your Company]
[Your Contact Information]

Feel free to modify as needed!"
recipient@example.com,Follow-up from ,"Subject: Meeting Request with John Doe

Dear John,

I hope this email finds you well. I'd like to schedule a meeting with you to discuss [briefly mention the purpose of the meeting]. I believe it would be beneficial for us to touch base and explore ways to [specifically state the goal or outcome you hope to achieve].

Would you be available to meet at your convenience? I am flexible and can work around your schedule. If you could let me know a few dates and times that suit you, I'll do my best to accommodate them.

Please feel free to reply to this email or give me a call at [insert phone number]. I'm looking forward to hearing back from you and scheduling a meeting at your earliest convenience.

Best regards,
[Your Name]"
recipient@example.com,Follow-up from ,"Here is a professional email to John Doe:

Subject: Request for Meeting to Discuss [Topic]

Dear John,

I hope this email finds you well. I'd like to schedule a meeting with you to discuss [Topic]. As we've been working on [Project/Initiative], I believe it would be beneficial to touch base and explore ways to [Specific Objective].

Would you be available to meet at your convenience? I'm flexible and can work around your schedule. If you could let me know a few dates and times that work for you, I'll do my best to accommodate them.

Please feel free to reach out to me if you have any questions or concerns. I'm looking forward to hearing back from you and scheduling a meeting that suits your needs.

Best regards,

[Your Name]
[Your Title]
[Your Company]
[Your Contact Information]"
amarchaurasiya124@gmail.com,Follow-up from ,"Subject: Invitation to Interview for [Position] Role at [Company]

Dear Amar,

I hope this email finds you well. I am thrilled to extend an invitation to you to interview for the [Position] role at [Company]. We were impressed by your resume and cover letter, and believe your skills and experience make you a strong candidate for the position.

The interview will take place on [Date and Time] at our office located at [Address]. The interview will be a [Length]-minute conversation with our team, during which we will be discussing your qualifications, experience, and fit for the role. We will also be providing you with more information about the position and our company culture.

To prepare for the interview, please review the job description and requirements on our website. If you have any questions or need any additional information, please do not hesitate to reach out to me directly.

We are looking forward to meeting you soon and discussing how your skills and experience align with our team's needs.

Best regards,

[Your Name]
Hiring Manager
[Company]"
tonysmith@dunlap.com,Follow-up from James and Sons,"Subject: Follow-up on Interview Invitation for [Position] Role

Dear Jonathan,

I hope this email finds you well. I am James from James and Sons, and I am excited to follow up on our previous conversation regarding the [Position] role at our organization. We were impressed by your resume and cover letter, and we would like to invite you for an interview to further discuss your qualifications.

The interview is scheduled for [Date and Time] at our office located at [Address]. During the interview, we will be discussing your background, skills, and fit for the role, as well as providing you with more information about our company culture and expectations.

Please let us know if this time and date work for you, or if you would prefer an alternative. We also encourage you to prepare any questions you may have about the role or our organization.

We look forward to meeting you soon and exploring how your skills and experience can contribute to our team's success.

Best regards,

James
James and Sons"
pperry@ruiz.com,Follow-up from Medina and Sons,"Subject: Invitation to Interview for [Position]

Dear Danielle Gill,

I hope this email finds you well. I am thrilled to invite you to an interview for the [Position] role at Medina and Sons. We were impressed by your resume and cover letter, and believe your skills and experience would be a great fit for our team.

The interview is scheduled to take place on [Date] at [Time] at our office located at [Address]. During this meeting, we will be discussing your qualifications, experience, and fit for the position. We will also be providing you with more information about our company culture and the day-to-day responsibilities of the role.

Please feel free to arrive 10-15 minutes prior to the interview to allow for check-in and any necessary paperwork. If you have any questions or concerns, please do not hesitate to reach out to me directly.

We are looking forward to meeting you and discussing how you can contribute to our team's success. If you are unable to attend the scheduled interview, please let us know as soon as possible so we can accommodate alternative arrangements.

Thank you again for considering Medina and Sons. We look forward to speaking with you soon.

Best regards,

[Your Name]
[Your Title]
Medina and Sons"
williamwade@brown-mays.com,Follow-up from Alexander and Sons,"Subject: Follow-up on Interview Scheduling for [Position]

Dear Jason Turner,

I hope this email finds you well. I am Alexander from Alexander and Sons, and I am reaching out to follow up on our previous discussions regarding the interview for the [Position] role. I wanted to confirm the details of our meeting and ensure that we are on the same page.

As we previously discussed, I would like to schedule the interview for [Date and Time] at our office located at [Address]. If there are any changes or updates to the schedule, please let me know as soon as possible so we can adjust accordingly.

In preparation for the interview, I would like to send you a brief overview of the position and some questions to consider. This will help us have a more productive and efficient conversation during the meeting. I will send you the document separately.

If you have any questions or concerns before the interview, please do not hesitate to reach out to me. I am looking forward to meeting you and discussing how your skills and experience align with our company's goals.

Best regards,

Alexander
Alexander and Sons"
katherine33@santiago.com,Follow-up from King and Sons,"Subject: Invitation to Interview for [Position] Role at King and Sons

Dear Lisa Smith,

I hope this email finds you well. I am writing to formally invite you to an interview for the [Position] role at King and Sons. We were impressed by your resume and cover letter, and believe your skills and experience make you a strong candidate for the position.

The interview will take place on [Date and Time] at our office located at [Address]. Please arrive 10-15 minutes prior to the scheduled time to allow for check-in and any necessary paperwork. The interview will last approximately [Length of Interview] hours.

During the interview, we will be discussing your background, experience, and qualifications for the role. We will also be providing you with more information about the position and our company culture.

If you are unable to attend the scheduled interview time, please let us know as soon as possible so we can work together to find an alternative time.

We look forward to meeting you and discussing the opportunity further.

Best regards,

[Your Name]
[Your Title]
King and Sons"
william66@day.com,Follow-up from Noble-Pratt,"Subject: Interview Invitation for [Position] Role at Noble-Pratt

Dear Charles,

I hope this email finds you well. I am reaching out to formally invite you to an interview for the [Position] role at Noble-Pratt. We were impressed by your resume and cover letter, and believe your skills and experience would be a great fit for our team.

The interview will be held on [Date and Time] at our office located at [Address]. The interview will last approximately [Length of Time] and will be conducted by [Name of Interviewer], our [Title] of [Department].

During the interview, we will be discussing your background, qualifications, and fit for the role. We will also be providing you with more information about the position and the company.

If you are able to attend, please confirm your availability by responding to this email. If you need to reschedule, please let us know as soon as possible so we can accommodate your needs.

We look forward to speaking with you soon, Charles. If you have any questions or concerns, please don't hesitate to reach out.

Best regards,

[Your Name]
[Your Title]
Noble-Pratt"
riya.sharma@example.com,Follow-up from ,"Subject: Invitation to Interview for [Position] Role

Dear Riya Sharma,

I hope this email finds you well. I am excited to invite you to an interview for the [Position] role at [Company Name]. We were impressed by your resume and cover letter, and believe your skills and experience make you an ideal candidate for this position.

The interview will take place on [Date] at [Time] at our office located at [Address]. The interview will be conducted by [Interviewer's Name], our [Interviewer's Title], and will last approximately [Length of Interview] minutes.

During the interview, we will be discussing your qualifications, experience, and fit for the role. We will also be providing you with more information about the position and the company.

Please let us know if you are available to attend the interview at the scheduled time. If you need to reschedule, please contact me at [Your Email] or [Your Phone Number] as soon as possible.

We look forward to speaking with you soon.

Best regards,

[Your Name]
[Your Title]
[Company Name]"
